Бухгалтер по расчету заработной платы,https://hh.ru/vacancy/83567342,100000,2023.07.23
Бухгалтер на первичную документацию,https://hh.ru/vacancy/83896526,45000,2023.07.23
Заместитель главного бухгалтера,https://hh.ru/vacancy/83733502,130000,2023.07.23
Бухгалтер (удаленно),https://hh.ru/vacancy/83752996,25000,2023.07.23
Главный бухгалтер (удаленно),https://hh.ru/vacancy/83440183,100000,2023.07.23
Бухгалтер/помощник бухгалтера,https://hh.ru/vacancy/83726841,40000,2023.07.23
Бухгалтер в единственном числе (удаленно),https://hh.ru/vacancy/83525749,40000,2023.07.23
Бухгалтер на первичную документацию,https://hh.ru/vacancy/83775089,35000,2023.07.23
Помощник на первичную документацию в бухгалтерию,https://hh.ru/vacancy/83844786,80000,2023.07.22
Бухгалтер на первичную документацию,https://hh.ru/vacancy/83702273,120000,2023.07.22
Продавец-консультант мебели,https://hh.ru/vacancy/83231861,100000,2023.07.10
Старший продавец (салон белья),https://hh.ru/vacancy/82652659,85000,2023.06.28
Продавец-консультант / Менеджер по продажам в мебельном салоне,https://hh.ru/vacancy/80595663,80000,2023.07.10
Продавец-консультант / Представитель компании (Ambassador),https://hh.ru/vacancy/83366087,71250,2023.07.13
Продавец-консультант в ТК Стокманн,https://hh.ru/vacancy/83451994,70000,2023.07.23
"Продавец-консультант в магазин одежды ""Твой OUTLET""",https://hh.ru/vacancy/83338550,70000,2023.07.21
Продавец-кассир,https://hh.ru/vacancy/82344737,70000,2023.07.05
Продавец-кассир (универмаг СТОКМАНН),https://hh.ru/vacancy/83644490,70000,2023.07.18
Продавец-консультант SOKOLOV,https://hh.ru/vacancy/79005185,70000,2023.07.20
Продавец-консультант Duty Free (аэропорт Домодедово),https://hh.ru/vacancy/82904996,65000,2023.07.03
